Angle, Time, Shield_Angle
20.20, 0.33557, 45
117.68, 0.74677, 45
27.63, 0.53993, 45
15.29, 1.09463, 45
0.74, 0.76666, 45
131.66, 0.80678, 45
