{
"data": [
{"time":0.0,"angle":16.452495574951173,"shieldAngle":45},
{"time":0.0,"angle":31.893558502197267,"shieldAngle":45}
]
}