{
"data": [
{"time":0.6856269836425781,"angle":31.651994705200197,"shieldAngle":45},
{"time":0.9106254577636719,"angle":65.8386459350586,"shieldAngle":45},
{"time":1.1360282897949219,"angle":71.6528549194336,"shieldAngle":45},
{"time":0.6975650787353516,"angle":9.054231643676758,"shieldAngle":45}
]
}