Angle, Time, Shield_Angle
28.65, 1.75002, 60
108.87, 1.44590, 60
39.34, 1.30438, 60
141.38, 0.85469, 60
178.66, 0.75282, 60
18.12, 0.87904, 60
165.69, 0.92880, 60
147.68, 1.00728, 60
146.67, 0.76880, 60
170.74, 0.84079, 60
93.01, 0.96705, 60
16.10, 0.95921, 60
163.73, 1.41550, 60
144.51, 0.77630, 60
55.35, 0.74573, 60
